{
  "name" : "MappingTask_capstone-1739950441438",
  "sourceOrgId" : "35vJ2vReaskjizKDyND3YG",
  "sourceOrgName" : "LTIMindtree",
  "exportedObjects" : [ {
    "objectGuid" : "b8YG0yyNPI5jVL4HjL0Jep",
    "objectName" : "ORACLE",
    "objectType" : "Connection",
    "path" : "/SYS",
    "metadata" : {
      "modelVersion" : {
        "major" : 0,
        "minor" : 0
      },
      "repoInfo" : {
        "repoHandle" : "01D4YJ0B000000000002"
      },
      "objectRefs" : [ "dE5oJNwB10EipjcwNodXsV" ],
      "contextAttributes" : [ {
        "name" : "id",
        "value" : "@1"
      } ],
      "additionalInfo" : {
        "description" : null,
        "contentType" : "JSON",
        "documentState" : "COMPLETE"
      }
    }
  }, {
    "objectGuid" : "2eQ5elujCTObWChjLPNB0F",
    "objectName" : "ARUN",
    "objectType" : "Project",
    "path" : "/Explore",
    "metadata" : {
      "modelVersion" : {
        "major" : 0,
        "minor" : 0
      },
      "repoInfo" : null,
      "objectRefs" : [ ],
      "contextAttributes" : [ ],
      "additionalInfo" : {
        "description" : "",
        "contentType" : "Binary",
        "documentState" : "COMPLETE"
      }
    }
  }, {
    "objectGuid" : "dCA5Zxpf3sNh8e8eUFhiWd",
    "objectName" : "snowflake_conn",
    "objectType" : "Connection",
    "path" : "/SYS",
    "metadata" : {
      "modelVersion" : {
        "major" : 0,
        "minor" : 0
      },
      "repoInfo" : {
        "repoHandle" : "01D4YJ0B000000000006"
      },
      "objectRefs" : [ "dE5oJNwB10EipjcwNodXsV" ],
      "contextAttributes" : [ {
        "name" : "id",
        "value" : "@1"
      } ],
      "additionalInfo" : {
        "description" : null,
        "contentType" : "JSON",
        "documentState" : "COMPLETE"
      }
    }
  }, {
    "objectGuid" : "l0htQzdvHqwd6xdxcs4XSy",
    "objectName" : "MappingTask_capstone",
    "objectType" : "MTT",
    "path" : "/Explore/ARUN/DAY 6",
    "metadata" : {
      "modelVersion" : {
        "major" : 0,
        "minor" : 0
      },
      "repoInfo" : {
        "repoHandle" : "01D4YJ0Z00000000000X"
      },
      "objectRefs" : [ "b8YG0yyNPI5jVL4HjL0Jep", "dCA5Zxpf3sNh8e8eUFhiWd", "hHnVXEWL9SvcqmhTTs5BQ0", "dE5oJNwB10EipjcwNodXsV" ],
      "contextAttributes" : [ {
        "name" : "id",
        "value" : "@1"
      } ],
      "additionalInfo" : {
        "description" : null,
        "contentType" : "JSON",
        "documentState" : "VALID"
      }
    }
  }, {
    "objectGuid" : "hHnVXEWL9SvcqmhTTs5BQ0",
    "objectName" : "Mapping_final",
    "objectType" : "DTEMPLATE",
    "path" : "/Explore/ARUN/DAY 6",
    "metadata" : {
      "modelVersion" : {
        "major" : 0,
        "minor" : 0
      },
      "repoInfo" : {
        "repoHandle" : "01D4YJ17000000000012"
      },
      "objectRefs" : [ "b8YG0yyNPI5jVL4HjL0Jep", "dCA5Zxpf3sNh8e8eUFhiWd" ],
      "contextAttributes" : [ {
        "name" : "id",
        "value" : "@1"
      } ],
      "additionalInfo" : {
        "description" : "",
        "contentType" : "JSON",
        "documentState" : "VALID"
      }
    }
  }, {
    "objectGuid" : "dE5oJNwB10EipjcwNodXsV",
    "objectName" : "InfTable",
    "objectType" : "AgentGroup",
    "path" : "/SYS",
    "metadata" : {
      "modelVersion" : {
        "major" : 0,
        "minor" : 0
      },
      "repoInfo" : {
        "repoHandle" : "01D4YJ25000000000002"
      },
      "objectRefs" : [ ],
      "contextAttributes" : [ {
        "name" : "id",
        "value" : "@1"
      } ],
      "additionalInfo" : {
        "description" : null,
        "contentType" : "JSON",
        "documentState" : "VALID"
      }
    }
  }, {
    "objectGuid" : "fvhklceI6AHi4pjStGO60B",
    "objectName" : "DAY 6",
    "objectType" : "Folder",
    "path" : "/Explore/ARUN",
    "metadata" : {
      "modelVersion" : {
        "major" : 0,
        "minor" : 0
      },
      "repoInfo" : null,
      "objectRefs" : [ ],
      "contextAttributes" : [ ],
      "additionalInfo" : {
        "description" : "",
        "contentType" : "Binary",
        "documentState" : "COMPLETE"
      }
    }
  } ]
}